dt,x,y,position,velocity,acceleration,jerk,heading
0.020000,0.000000,36.000000,0.000008,0.000800,0.040000,2.000000,6.281096
0.020000,0.000000,36.000000,0.000040,0.002400,0.080000,2.000000,6.281097
0.020000,0.000000,36.000000,0.000112,0.004800,0.120000,2.000000,6.281099
0.020000,0.000000,36.000000,0.000240,0.008000,0.160000,2.000000,6.281102
0.020000,0.000000,36.000000,0.000440,0.012000,0.200000,2.000000,6.281107
0.020000,0.000000,36.000000,0.000728,0.016800,0.240000,2.000000,6.281114
0.020000,0.000000,36.000000,0.001120,0.022400,0.280000,2.000000,6.281123
0.020000,0.000000,36.000000,0.001632,0.028800,0.320000,2.000000,6.281135
0.020000,0.000000,36.000000,0.002280,0.036000,0.360000,2.000000,6.281151
0.020000,0.000000,36.000000,0.003080,0.044000,0.400000,2.000000,6.281171
0.020000,0.000000,36.000000,0.004048,0.052800,0.440000,2.000000,6.281194
0.020000,0.000000,36.000000,0.005200,0.062400,0.480000,2.000000,6.281222
0.020000,0.000000,36.000000,0.006552,0.072800,0.520000,2.000000,6.281255
0.020000,0.000000,36.000000,0.008120,0.084000,0.560000,2.000000,6.281293
0.020000,0.000000,36.000000,0.009920,0.096000,0.600000,2.000000,6.281336
0.020000,0.000000,36.000000,0.011968,0.108800,0.640000,2.000000,6.281386
0.020000,0.000000,36.000000,0.014280,0.122400,0.680000,2.000000,6.281442
0.020000,0.000000,36.000000,0.016872,0.136800,0.720000,2.000000,6.281505
0.020000,0.000000,36.000000,0.019760,0.152000,0.760000,2.000000,6.281575
0.020000,0.000000,36.000000,0.022960,0.168000,0.800000,2.000000,6.281653
0.020000,0.000000,36.000000,0.026488,0.184800,0.840000,2.000000,6.281738
0.020000,0.000000,36.000000,0.030360,0.202400,0.880000,2.000000,6.281832
0.020000,0.000000,36.000000,0.034592,0.220800,0.920000,2.000000,6.281935
0.020000,0.000000,36.000000,0.039200,0.240000,0.960000,2.000000,6.282047
0.020000,0.000000,36.000000,0.044200,0.260000,1.000000,2.000000,6.282168
0.020000,0.000000,36.000000,0.049608,0.280800,1.040000,2.000000,6.282299
0.020000,0.000000,36.000000,0.055440,0.302400,1.080000,2.000000,6.282440
0.020000,0.000000,36.000000,0.061712,0.324800,1.120000,2.000000,6.282592
0.020000,0.000000,36.000000,0.068440,0.348000,1.160000,2.000000,6.282756
0.020000,0.000000,36.000000,0.075640,0.372000,1.200000,2.000000,6.282930
0.020000,0.000000,36.000000,0.083328,0.396800,1.240000,2.000000,6.283117
0.020000,0.005360,36.000000,0.091520,0.422400,1.280000,2.000000,0.000130
0.020000,0.014075,36.000002,0.100232,0.448800,1.320000,2.000000,0.000341
0.020000,0.023325,36.000007,0.109480,0.476000,1.360000,2.000000,0.000566
0.020000,0.033126,36.000013,0.119280,0.504000,1.400000,2.000000,0.000803
0.020000,0.043495,36.000023,0.129648,0.532800,1.440000,2.000000,0.001055
0.020000,0.054446,36.000036,0.140600,0.562400,1.480000,2.000000,0.001320
0.020000,0.065996,36.000053,0.152152,0.592800,1.520000,2.000000,0.001600
0.020000,0.078161,36.000074,0.164320,0.624000,1.560000,2.000000,0.001896
0.020000,0.090960,36.000100,0.177120,0.656000,1.600000,2.000000,0.002206
0.020000,0.104412,36.000132,0.190568,0.688800,1.640000,2.000000,0.002532
0.020000,0.118526,36.000170,0.204680,0.722400,1.680000,2.000000,0.002875
0.020000,0.133318,36.000216,0.219472,0.756800,1.720000,2.000000,0.003234
0.020000,0.148805,36.000269,0.234960,0.792000,1.760000,2.000000,0.003610
0.020000,0.165000,36.000330,0.251160,0.828000,1.800000,2.000000,0.004003
0.020000,0.181929,36.000401,0.268088,0.864800,1.840000,2.000000,0.004414
0.020000,0.199605,36.000483,0.285760,0.902400,1.880000,2.000000,0.004843
0.020000,0.218038,36.000577,0.304192,0.940800,1.920000,2.000000,0.005290
0.020000,0.237243,36.000683,0.323400,0.980000,1.960000,2.000000,0.005756
0.020000,0.257236,36.000803,0.343400,1.020000,2.000000,2.000000,0.006242
0.020000,0.278050,36.000938,0.364208,1.060800,2.040000,2.000000,0.006747
0.020000,0.299684,36.001089,0.385840,1.102400,2.080000,2.000000,0.007273
0.020000,0.322153,36.001259,0.408312,1.144800,2.120000,2.000000,0.007819
0.020000,0.345474,36.001448,0.431640,1.188000,2.160000,2.000000,0.008385
0.020000,0.369680,36.001658,0.455840,1.232000,2.200000,2.000000,0.008973
0.020000,0.394768,36.001891,0.480928,1.276800,2.240000,2.000000,0.009583
0.020000,0.420754,36.002148,0.506920,1.322400,2.280000,2.000000,0.010214
0.020000,0.447667,36.002432,0.533832,1.368800,2.320000,2.000000,0.010869
0.020000,0.475516,36.002744,0.561680,1.416000,2.360000,2.000000,0.011546
0.020000,0.504309,36.003086,0.590480,1.464000,2.400000,2.000000,0.012246
0.020000,0.534076,36.003462,0.620248,1.512800,2.440000,2.000000,0.012970
0.020000,0.564828,36.003872,0.651000,1.562400,2.480000,2.000000,0.013718
0.020000,0.596571,36.004320,0.682752,1.612800,2.520000,2.000000,0.014490
0.020000,0.629341,36.004808,0.715520,1.664000,2.560000,2.000000,0.015287
0.020000,0.663136,36.005338,0.749320,1.716000,2.600000,2.000000,0.016109
0.020000,0.697976,36.005914,0.784168,1.768800,2.640000,2.000000,0.016957
0.020000,0.733887,36.006539,0.820080,1.822400,2.680000,2.000000,0.017832
0.020000,0.770865,36.007215,0.857072,1.876800,2.720000,2.000000,0.018732
0.020000,0.808954,36.007946,0.895160,1.932000,2.760000,2.000000,0.019659
0.020000,0.848141,36.008736,0.934360,1.988000,2.800000,2.000000,0.020614
0.020000,0.888464,36.009587,0.974688,2.044800,2.840000,2.000000,0.021596
0.020000,0.929923,36.010503,1.016160,2.102400,2.880000,2.000000,0.022606
0.020000,0.972546,36.011489,1.058792,2.160800,2.920000,2.000000,0.023645
0.020000,1.016338,36.012548,1.102600,2.220000,2.960000,2.000000,0.024712
0.020000,1.061327,36.013685,1.147600,2.280000,3.000000,2.000000,0.025809
0.020000,1.107514,36.014903,1.193808,2.340800,3.040000,2.000000,0.026935
0.020000,1.154934,36.016208,1.241240,2.402400,3.080000,2.000000,0.028091
0.020000,1.203579,36.017604,1.289912,2.464800,3.120000,2.000000,0.029278
0.020000,1.253491,36.019096,1.339840,2.528000,3.160000,2.000000,0.030495
0.020000,1.304664,36.020689,1.391040,2.592000,3.200000,2.000000,0.031744
0.020000,1.357123,36.022388,1.443528,2.656800,3.240000,2.000000,0.033024
0.020000,1.410888,36.024200,1.497320,2.722400,3.280000,2.000000,0.034337
0.020000,1.465962,36.026129,1.552432,2.788800,3.320000,2.000000,0.035681
0.020000,1.522374,36.028181,1.608880,2.856000,3.360000,2.000000,0.037058
0.020000,1.580136,36.030364,1.666680,2.924000,3.400000,2.000000,0.038469
0.020000,1.639255,36.032682,1.725848,2.992800,3.440000,2.000000,0.039913
0.020000,1.699755,36.035143,1.786400,3.062400,3.480000,2.000000,0.041391
0.020000,1.761657,36.037753,1.848352,3.132800,3.520000,2.000000,0.042904
0.020000,1.824964,36.040520,1.911720,3.204000,3.560000,2.000000,0.044451
0.020000,1.889694,36.043450,1.976520,3.276000,3.600000,2.000000,0.046033
0.020000,1.955868,36.046552,2.042768,3.348800,3.640000,2.000000,0.047650
0.020000,2.023504,36.049834,2.110480,3.422400,3.680000,2.000000,0.049304
0.020000,2.092611,36.053302,2.179672,3.496800,3.720000,2.000000,0.050994
0.020000,2.163203,36.056966,2.250360,3.572000,3.760000,2.000000,0.052720
0.020000,2.235298,36.060834,2.322560,3.648000,3.800000,2.000000,0.054483
0.020000,2.308910,36.064916,2.396288,3.724800,3.840000,2.000000,0.056284
0.020000,2.384056,36.069219,2.471560,3.802400,3.880000,2.000000,0.058122
0.020000,2.460757,36.073754,2.548392,3.880800,3.920000,2.000000,0.059999
0.020000,2.539020,36.078531,2.626800,3.960000,3.960000,2.000000,0.061914
0.020000,2.618863,36.083559,2.706800,4.040000,4.000000,2.000000,0.063867
0.020000,2.700292,36.088848,2.788400,4.120000,4.000000,0.000000,0.065860
0.020000,2.783306,36.094408,2.871600,4.200000,4.000000,0.000000,0.067891
0.020000,2.867904,36.100248,2.956400,4.280000,4.000000,0.000000,0.069961
0.020000,2.954086,36.106379,3.042800,4.360000,4.000000,0.000000,0.072070
0.020000,3.041850,36.112809,3.130800,4.440000,4.000000,0.000000,0.074218
0.020000,3.131194,36.119551,3.220400,4.520000,4.000000,0.000000,0.076404
0.020000,3.222118,36.126613,3.311600,4.600000,4.000000,0.000000,0.078629
0.020000,3.314625,36.134007,3.404400,4.680000,4.000000,0.000000,0.080892
0.020000,3.408710,36.141744,3.498800,4.760000,4.000000,-0.000000,0.083194
0.020000,3.504370,36.149833,3.594800,4.840000,4.000000,0.000000,0.085534
0.020000,3.601603,36.158287,3.692400,4.920000,4.000000,0.000000,0.087912
0.020000,3.700408,36.167116,3.791600,5.000000,4.000000,0.000000,0.090329
0.020000,3.800782,36.176331,3.892400,5.080000,4.000000,0.000000,0.092783
0.020000,3.902732,36.185946,3.994800,5.160000,4.000000,0.000000,0.095275
0.020000,4.006250,36.195971,4.098800,5.240000,4.000000,0.000000,0.097805
0.020000,4.111331,36.206417,4.204400,5.320000,4.000000,0.000000,0.100372
0.020000,4.217973,36.217297,4.311600,5.400000,4.000000,0.000000,0.102977
0.020000,4.326186,36.228625,4.420400,5.480000,4.000000,0.000000,0.105619
0.020000,4.435956,36.240411,4.530800,5.560000,4.000000,0.000000,0.108298
0.020000,4.547278,36.252667,4.642800,5.640000,4.000000,-0.000000,0.111014
0.020000,4.660166,36.265408,4.756400,5.720000,4.000000,0.000000,0.113767
0.020000,4.774602,36.278646,4.871600,5.800000,4.000000,0.000000,0.116557
0.020000,4.890588,36.292392,4.988400,5.880000,4.000000,0.000000,0.119383
0.020000,5.008128,36.306662,5.106800,5.960000,4.000000,0.000000,0.122245
0.020000,5.127206,36.321467,5.226800,6.040000,4.000000,0.000000,0.125143
0.020000,5.247829,36.336821,5.348392,6.119200,3.960000,-2.000000,0.128076
0.020000,5.369960,36.352734,5.471560,6.197600,3.920000,-2.000000,0.131044
0.020000,5.493599,36.369218,5.596288,6.275200,3.880000,-2.000000,0.134047
0.020000,5.618707,36.386283,5.722560,6.352000,3.840000,-2.000000,0.137083
0.020000,5.745286,36.403943,5.850360,6.428000,3.800000,-2.000000,0.140152
0.020000,5.873299,36.422205,5.979672,6.503200,3.760000,-2.000000,0.143253
0.020000,6.002739,36.441083,6.110480,6.577600,3.720000,-2.000000,0.146386
0.020000,6.133582,36.460586,6.242768,6.651200,3.680000,-2.000000,0.149550
0.020000,6.265805,36.480725,6.376520,6.724000,3.640000,-2.000000,0.152744
0.020000,6.399401,36.501511,6.511720,6.796000,3.600000,-2.000000,0.155968
0.020000,6.534340,36.522955,6.648352,6.867200,3.560000,-2.000000,0.159220
0.020000,6.670602,36.545065,6.786400,6.937600,3.520000,-2.000000,0.162500
0.020000,6.808178,36.567854,6.925848,7.007200,3.480000,-2.000000,0.165808
0.020000,6.947040,36.591330,7.066680,7.076000,3.440000,-2.000000,0.169142
0.020000,7.087169,36.615502,7.208880,7.144000,3.400000,-2.000000,0.172502
0.020000,7.228547,36.640382,7.352432,7.211200,3.360000,-2.000000,0.175887
0.020000,7.371158,36.665978,7.497320,7.277600,3.320000,-2.000000,0.179296
0.020000,7.514978,36.692299,7.643528,7.343200,3.280000,-2.000000,0.182729
0.020000,7.659987,36.719355,7.791040,7.408000,3.240000,-2.000000,0.186185
0.020000,7.806165,36.747153,7.939840,7.472000,3.200000,-2.000000,0.189662
0.020000,7.953495,36.775704,8.089912,7.535200,3.160000,-2.000000,0.193161
0.020000,8.101959,36.805015,8.241240,7.597600,3.120000,-2.000000,0.196680
0.020000,8.251533,36.835093,8.393808,7.659200,3.080000,-2.000000,0.200218
0.020000,8.402198,36.865948,8.547600,7.720000,3.040000,-2.000000,0.203776
0.020000,8.553935,36.897587,8.702600,7.780000,3.000000,-2.000000,0.207351
0.020000,8.706723,36.930016,8.858792,7.839200,2.960000,-2.000000,0.210943
0.020000,8.860543,36.963244,9.016160,7.897600,2.920000,-2.000000,0.214551
0.020000,9.015374,36.997277,9.174688,7.955200,2.880000,-2.000000,0.218175
0.020000,9.171197,37.032121,9.334360,8.012000,2.840000,-2.000000,0.221813
0.020000,9.327993,37.067783,9.495160,8.068000,2.800000,-2.000000,0.225465
0.020000,9.485740,37.104269,9.657072,8.123200,2.760000,-2.000000,0.229130
0.020000,9.644419,37.141585,9.820080,8.177600,2.720000,-2.000000,0.232806
0.020000,9.804010,37.179736,9.984168,8.231200,2.680000,-2.000000,0.236494
0.020000,9.964493,37.218728,10.149320,8.284000,2.640000,-2.000000,0.240192
0.020000,10.125848,37.258564,10.315520,8.336000,2.600000,-2.000000,0.243899
0.020000,10.288055,37.299250,10.482752,8.387200,2.560000,-2.000000,0.247615
0.020000,10.451094,37.340790,10.651000,8.437600,2.520000,-2.000000,0.251338
0.020000,10.614945,37.383188,10.820248,8.487200,2.480000,-2.000000,0.255069
0.020000,10.779588,37.426447,10.990480,8.536000,2.440000,-2.000000,0.258805
0.020000,10.945004,37.470571,11.161680,8.584000,2.400000,-2.000000,0.262545
0.020000,11.111172,37.515563,11.333832,8.631200,2.360000,-2.000000,0.266291
0.020000,11.278075,37.561425,11.506920,8.677600,2.320000,-2.000000,0.270039
0.020000,11.445689,37.608160,11.680928,8.723200,2.280000,-2.000000,0.273790
0.020000,11.613997,37.655769,11.855840,8.768000,2.240000,-2.000000,0.277542
0.020000,11.782978,37.704254,12.031640,8.812000,2.200000,-2.000000,0.281295
0.020000,11.952613,37.753616,12.208312,8.855200,2.160000,-2.000000,0.285047
0.020000,12.122884,37.803858,12.385840,8.897600,2.120000,-2.000000,0.288799
0.020000,12.293770,37.854978,12.564208,8.939200,2.080000,-2.000000,0.292548
0.020000,12.465251,37.906977,12.743400,8.980000,2.040000,-2.000000,0.296295
0.020000,12.637308,37.959855,12.923400,9.020000,2.000000,-2.000000,0.300038
0.020000,12.809922,38.013613,13.104192,9.059200,1.960000,-2.000000,0.303777
0.020000,12.983076,38.068248,13.285760,9.097600,1.920000,-2.000000,0.307511
0.020000,13.156747,38.123761,13.468088,9.135200,1.880000,-2.000000,0.311238
0.020000,13.330918,38.180148,13.651160,9.172000,1.840000,-2.000000,0.314958
0.020000,13.505571,38.237410,13.834960,9.208000,1.800000,-2.000000,0.318671
0.020000,13.680686,38.295543,14.019472,9.243200,1.760000,-2.000000,0.322375
0.020000,13.856243,38.354545,14.204680,9.277600,1.720000,-2.000000,0.326070
0.020000,14.032227,38.414414,14.390568,9.311200,1.680000,-2.000000,0.329754
0.020000,14.208616,38.475146,14.577120,9.344000,1.640000,-2.000000,0.333428
0.020000,14.385393,38.536738,14.764320,9.376000,1.600000,-2.000000,0.337090
0.020000,14.562541,38.599185,14.952152,9.407200,1.560000,-2.000000,0.340739
0.020000,14.740039,38.662485,15.140600,9.437600,1.520000,-2.000000,0.344375
0.020000,14.917871,38.726631,15.329648,9.467200,1.480000,-2.000000,0.347998
0.020000,15.096019,38.791621,15.519280,9.496000,1.440000,-2.000000,0.351605
0.020000,15.274464,38.857448,15.709480,9.524000,1.400000,-2.000000,0.355198
0.020000,15.453190,38.924107,15.900232,9.551200,1.360000,-2.000000,0.358774
0.020000,15.632178,38.991592,16.091520,9.577600,1.320000,-2.000000,0.362333
0.020000,15.811411,39.059898,16.283328,9.603200,1.280000,-2.000000,0.365875
0.020000,15.990873,39.129017,16.475640,9.628000,1.240000,-2.000000,0.369399
0.020000,16.170545,39.198944,16.668440,9.652000,1.200000,-2.000000,0.372904
0.020000,16.350411,39.269671,16.861712,9.675200,1.160000,-2.000000,0.376390
0.020000,16.530453,39.341191,17.055440,9.697600,1.120000,-2.000000,0.379855
0.020000,16.710656,39.413497,17.249608,9.719200,1.080000,-2.000000,0.383300
0.020000,16.891002,39.486580,17.444200,9.740000,1.040000,-2.000000,0.386724
0.020000,17.071476,39.560433,17.639200,9.760000,1.000000,-2.000000,0.390125
0.020000,17.252060,39.635047,17.834592,9.779200,0.960000,-2.000000,0.393505
0.020000,17.432739,39.710413,18.030360,9.797600,0.920000,-2.000000,0.396861
0.020000,17.613497,39.786524,18.226488,9.815200,0.880000,-2.000000,0.400194
0.020000,17.794318,39.863368,18.422960,9.832000,0.840000,-2.000000,0.403502
0.020000,17.975186,39.940937,18.619760,9.848000,0.800000,-2.000000,0.406787
0.020000,18.156085,40.019222,18.816872,9.863200,0.760000,-2.000000,0.410046
0.020000,18.337001,40.098212,19.014280,9.877600,0.720000,-2.000000,0.413279
0.020000,18.517917,40.177897,19.211968,9.891200,0.680000,-2.000000,0.416487
0.020000,18.698820,40.258267,19.409920,9.904000,0.640000,-2.000000,0.419668
0.020000,18.879692,40.339310,19.608120,9.916000,0.600000,-2.000000,0.422822
0.020000,19.060522,40.421017,19.806552,9.927200,0.560000,-2.000000,0.425948
0.020000,19.241292,40.503376,20.005200,9.937600,0.520000,-2.000000,0.429047
0.020000,19.421990,40.586376,20.204048,9.947200,0.480000,-2.000000,0.432118
0.020000,19.602599,40.670005,20.403080,9.956000,0.440000,-2.000000,0.435160
0.020000,19.783108,40.754251,20.602280,9.964000,0.400000,-2.000000,0.438173
0.020000,19.963500,40.839103,20.801632,9.971200,0.360000,-2.000000,0.441157
0.020000,20.143762,40.924548,21.001120,9.977600,0.320000,-2.000000,0.444111
0.020000,20.323881,41.010575,21.200728,9.983200,0.280000,-2.000000,0.447036
0.020000,20.503842,41.097170,21.400440,9.988000,0.240000,-2.000000,0.449930
0.020000,20.683632,41.184322,21.600240,9.992000,0.200000,-2.000000,0.452794
0.020000,20.863239,41.272017,21.800112,9.995200,0.160000,-2.000000,0.455626
0.020000,21.042647,41.360241,22.000040,9.997600,0.120000,-2.000000,0.458428
0.020000,21.221846,41.448984,22.200008,9.999200,0.080000,-2.000000,0.461199
0.020000,21.400820,41.538230,22.400000,10.000000,0.040000,-2.000000,0.463937
0.020000,21.579558,41.627968,22.600000,10.000000,0.000000,-2.000000,0.466644
0.020000,21.758053,41.718185,22.800000,10.000000,0.000000,0.000000,0.469320
0.020000,21.936309,41.808877,23.000000,10.000000,0.000000,0.000000,0.471963
0.020000,22.114325,41.900037,23.200000,10.000000,0.000000,0.000000,0.474574
0.020000,22.292105,41.991659,23.400000,10.000000,0.000000,0.000000,0.477154
0.020000,22.469648,42.083736,23.600000,10.000000,0.000000,0.000000,0.479702
0.020000,22.646958,42.176263,23.800000,10.000000,0.000000,0.000000,0.482218
0.020000,22.824036,42.269232,24.000000,10.000000,0.000000,0.000000,0.484702
0.020000,23.000884,42.362639,24.200000,10.000000,0.000000,0.000000,0.487154
0.020000,23.177504,42.456475,24.400000,10.000000,0.000000,0.000000,0.489575
0.020000,23.353898,42.550737,24.600000,10.000000,0.000000,0.000000,0.491964
0.020000,23.530067,42.645416,24.800000,10.000000,0.000000,0.000000,0.494321
0.020000,23.706015,42.740508,25.000000,10.000000,0.000000,0.000000,0.496647
0.020000,23.881742,42.836006,25.200000,10.000000,0.000000,0.000000,0.498941
0.020000,24.057252,42.931905,25.400000,10.000000,0.000000,0.000000,0.501204
0.020000,24.232545,43.028197,25.600000,10.000000,0.000000,0.000000,0.503435
0.020000,24.407624,43.124878,25.800000,10.000000,0.000000,0.000000,0.505635
0.020000,24.582492,43.221941,26.000000,10.000000,0.000000,0.000000,0.507804
0.020000,24.757151,43.319380,26.200000,10.000000,0.000000,0.000000,0.509941
0.020000,24.931602,43.417189,26.400000,10.000000,0.000000,0.000000,0.512047
0.020000,25.105849,43.515362,26.600000,10.000000,0.000000,0.000000,0.514121
0.020000,25.279893,43.613895,26.800000,10.000000,0.000000,0.000000,0.516165
0.020000,25.453737,43.712780,27.000000,10.000000,0.000000,0.000000,0.518177
0.020000,25.627384,43.812012,27.200000,10.000000,0.000000,0.000000,0.520158
0.020000,25.800834,43.911585,27.400000,10.000000,0.000000,0.000000,0.522108
0.020000,25.974092,44.011493,27.600000,10.000000,0.000000,0.000000,0.524028
0.020000,26.147159,44.111731,27.800000,10.000000,0.000000,0.000000,0.525916
0.020000,26.320039,44.212294,28.000000,10.000000,0.000000,0.000000,0.527774
0.020000,26.492732,44.313174,28.200000,10.000000,0.000000,0.000000,0.529601
0.020000,26.665244,44.414368,28.400000,10.000000,0.000000,0.000000,0.531397
0.020000,26.837573,44.515867,28.600000,10.000000,0.000000,0.000000,0.533162
0.020000,27.009726,44.617670,28.800000,10.000000,0.000000,0.000000,0.534897
0.020000,27.181702,44.719767,29.000000,10.000000,0.000000,0.000000,0.536602
0.020000,27.353507,44.822155,29.200000,10.000000,0.000000,0.000000,0.538276
0.020000,27.525141,44.924827,29.400000,10.000000,0.000000,0.000000,0.539919
0.020000,27.696608,45.027780,29.600000,10.000000,0.000000,0.000000,0.541533
0.020000,27.867910,45.131006,29.800000,10.000000,0.000000,0.000000,0.543116
0.020000,28.039050,45.234500,30.000000,10.000000,0.000000,0.000000,0.544669
0.020000,28.210030,45.338258,30.200000,10.000000,0.000000,0.000000,0.546191
0.020000,28.380854,45.442273,30.400000,10.000000,0.000000,0.000000,0.547684
0.020000,28.551524,45.546541,30.600000,10.000000,0.000000,0.000000,0.549146
0.020000,28.722043,45.651055,30.800000,10.000000,0.000000,0.000000,0.550579
0.020000,28.892414,45.755811,31.000000,10.000000,0.000000,0.000000,0.551982
0.020000,29.062639,45.860803,31.200000,10.000000,0.000000,0.000000,0.553355
0.020000,29.232722,45.966027,31.400000,10.000000,0.000000,0.000000,0.554698
0.020000,29.402664,46.071476,31.600000,10.000000,0.000000,0.000000,0.556011
0.020000,29.572470,46.177146,31.800000,10.000000,0.000000,0.000000,0.557295
0.020000,29.742140,46.283031,32.000000,10.000000,0.000000,0.000000,0.558549
0.020000,29.911681,46.389127,32.200000,10.000000,0.000000,0.000000,0.559774
0.020000,30.081092,46.495427,32.400000,10.000000,0.000000,0.000000,0.560969
0.020000,30.250378,46.601928,32.600000,10.000000,0.000000,0.000000,0.562134
0.020000,30.419540,46.708623,32.800000,10.000000,0.000000,0.000000,0.563271
0.020000,30.588584,46.815508,33.000000,10.000000,0.000000,0.000000,0.564378
0.020000,30.757510,46.922578,33.200000,10.000000,0.000000,0.000000,0.565456
0.020000,30.926323,47.029827,33.400000,10.000000,0.000000,0.000000,0.566504
0.020000,31.095024,47.137250,33.600000,10.000000,0.000000,0.000000,0.567524
0.020000,31.263618,47.244843,33.800000,10.000000,0.000000,0.000000,0.568514
0.020000,31.432106,47.352601,34.000000,10.000000,0.000000,0.000000,0.569475
0.020000,31.600492,47.460518,34.200000,10.000000,0.000000,0.000000,0.570407
0.020000,31.768780,47.568589,34.400000,10.000000,0.000000,0.000000,0.571311
0.020000,31.936970,47.676810,34.600000,10.000000,0.000000,0.000000,0.572185
0.020000,32.105069,47.785176,34.800000,10.000000,0.000000,0.000000,0.573031
0.020000,32.273076,47.893681,35.000000,10.000000,0.000000,0.000000,0.573847
0.020000,32.440997,48.002321,35.200000,10.000000,0.000000,0.000000,0.574635
0.020000,32.608833,48.111091,35.400000,10.000000,0.000000,0.000000,0.575394
0.020000,32.776589,48.219986,35.600000,10.000000,0.000000,0.000000,0.576125
0.020000,32.944267,48.329000,35.800000,10.000000,0.000000,0.000000,0.576827
0.020000,33.111869,48.438131,36.000000,10.000000,0.000000,0.000000,0.577500
0.020000,33.279400,48.547371,36.200000,10.000000,0.000000,0.000000,0.578144
0.020000,33.446862,48.656717,36.400000,10.000000,0.000000,0.000000,0.578760
0.020000,33.614257,48.766164,36.600000,10.000000,0.000000,0.000000,0.579348
0.020000,33.781590,48.875707,36.800000,10.000000,0.000000,0.000000,0.579907
0.020000,33.948864,48.985341,37.000000,10.000000,0.000000,0.000000,0.580438
0.020000,34.116081,49.095061,37.200000,10.000000,0.000000,0.000000,0.580940
0.020000,34.283244,49.204864,37.400000,10.000000,0.000000,0.000000,0.581414
0.020000,34.450357,49.314742,37.600000,10.000000,0.000000,0.000000,0.581859
0.020000,34.617422,49.424693,37.800000,10.000000,0.000000,0.000000,0.582276
0.020000,34.784443,49.534711,38.000000,10.000000,0.000000,0.000000,0.582665
0.020000,34.951423,49.644792,38.200000,10.000000,0.000000,0.000000,0.583025
0.020000,35.118364,49.754931,38.400000,10.000000,0.000000,0.000000,0.583358
0.020000,35.285271,49.865122,38.600000,10.000000,0.000000,0.000000,0.583661
0.020000,35.452146,49.975362,38.800000,10.000000,0.000000,0.000000,0.583937
0.020000,35.618991,50.085646,39.000000,10.000000,0.000000,0.000000,0.584185
0.020000,35.785812,50.195968,39.200000,10.000000,0.000000,0.000000,0.584404
0.020000,35.952609,50.306325,39.400000,10.000000,0.000000,0.000000,0.584595
0.020000,36.119387,50.416712,39.600000,10.000000,0.000000,0.000000,0.584758
0.020000,36.286148,50.527123,39.800000,10.000000,0.000000,0.000000,0.584892
0.020000,36.452897,50.637554,40.000000,10.000000,0.000000,0.000000,0.584999
0.020000,36.619635,50.748001,40.200000,10.000000,0.000000,0.000000,0.585077
0.020000,36.786366,50.858458,40.400000,10.000000,0.000000,0.000000,0.585127
0.020000,36.953092,50.968921,40.600000,10.000000,0.000000,0.000000,0.585149
0.020000,37.119818,51.079386,40.800000,10.000000,0.000000,0.000000,0.585143
0.020000,37.286547,51.189847,41.000000,10.000000,0.000000,0.000000,0.585109
0.020000,37.453280,51.300300,41.200000,10.000000,0.000000,0.000000,0.585046
0.020000,37.620022,51.410741,41.400000,10.000000,0.000000,0.000000,0.584956
0.020000,37.786776,51.521164,41.600000,10.000000,0.000000,0.000000,0.584837
0.020000,37.953544,51.631565,41.800000,10.000000,0.000000,0.000000,0.584690
0.020000,38.120330,51.741939,42.000000,10.000000,0.000000,0.000000,0.584515
0.020000,38.287137,51.852281,42.200000,10.000000,0.000000,0.000000,0.584311
0.020000,38.453968,51.962587,42.400000,10.000000,0.000000,0.000000,0.584080
0.020000,38.620826,52.072852,42.600000,10.000000,0.000000,0.000000,0.583820
0.020000,38.787715,52.183072,42.800000,10.000000,0.000000,0.000000,0.583532
0.020000,38.954636,52.293241,43.000000,10.000000,0.000000,0.000000,0.583216
0.020000,39.121594,52.403355,43.200000,10.000000,0.000000,0.000000,0.582871
0.020000,39.288592,52.513409,43.400000,10.000000,0.000000,0.000000,0.582498
0.020000,39.455632,52.623398,43.600000,10.000000,0.000000,0.000000,0.582097
0.020000,39.622717,52.733318,43.800000,10.000000,0.000000,0.000000,0.581668
0.020000,39.789852,52.843164,44.000000,10.000000,0.000000,0.000000,0.581210
0.020000,39.957038,52.952931,44.200000,10.000000,0.000000,0.000000,0.580724
0.020000,40.124279,53.062614,44.400000,10.000000,0.000000,0.000000,0.580209
0.020000,40.291578,53.172209,44.600000,10.000000,0.000000,0.000000,0.579666
0.020000,40.458938,53.281710,44.800000,10.000000,0.000000,0.000000,0.579095
0.020000,40.626363,53.391114,45.000000,10.000000,0.000000,0.000000,0.578495
0.020000,40.793854,53.500414,45.200000,10.000000,0.000000,0.000000,0.577866
0.020000,40.961416,53.609607,45.400000,10.000000,0.000000,0.000000,0.577209
0.020000,41.129051,53.718687,45.600000,10.000000,0.000000,0.000000,0.576523
0.020000,41.296762,53.827650,45.800000,10.000000,0.000000,0.000000,0.575809
0.020000,41.464553,53.936491,46.000000,10.000000,0.000000,0.000000,0.575066
0.020000,41.632426,54.045205,46.200000,10.000000,0.000000,0.000000,0.574294
0.020000,41.800384,54.153786,46.400000,10.000000,0.000000,0.000000,0.573494
0.020000,41.968431,54.262231,46.600000,10.000000,0.000000,0.000000,0.572664
0.020000,42.136570,54.370534,46.800000,10.000000,0.000000,0.000000,0.571806
0.020000,42.304802,54.478690,47.000000,10.000000,0.000000,0.000000,0.570919
0.020000,42.473132,54.586695,47.200000,10.000000,0.000000,0.000000,0.570003
0.020000,42.641563,54.694542,47.400000,10.000000,0.000000,0.000000,0.569058
0.020000,42.810097,54.802229,47.600000,10.000000,0.000000,0.000000,0.568084
0.020000,42.978737,54.909748,47.800000,10.000000,0.000000,0.000000,0.567081
0.020000,43.147487,55.017096,48.000000,10.000000,0.000000,0.000000,0.566049
0.020000,43.316349,55.124267,48.200000,10.000000,0.000000,0.000000,0.564988
0.020000,43.485326,55.231257,48.400000,10.000000,0.000000,0.000000,0.563897
0.020000,43.654421,55.338059,48.600000,10.000000,0.000000,0.000000,0.562777
0.020000,43.823637,55.444670,48.800000,10.000000,0.000000,0.000000,0.561628
0.020000,43.992978,55.551084,49.000000,10.000000,0.000000,0.000000,0.560450
0.020000,44.162444,55.657295,49.200000,10.000000,0.000000,0.000000,0.559242
0.020000,44.332042,55.763299,49.400000,10.000000,0.000000,0.000000,0.558004
0.020000,44.501771,55.869091,49.600000,10.000000,0.000000,0.000000,0.556737
0.020000,44.671637,55.974665,49.800000,10.000000,0.000000,0.000000,0.555440
0.020000,44.841639,56.080016,50.000000,10.000000,0.000000,0.000000,0.554114
0.020000,45.011784,56.185139,50.200000,10.000000,0.000000,0.000000,0.552758
0.020000,45.182072,56.290029,50.400000,10.000000,0.000000,0.000000,0.551372
0.020000,45.352508,56.394680,50.600000,10.000000,0.000000,0.000000,0.549956
0.020000,45.523092,56.499087,50.800000,10.000000,0.000000,0.000000,0.548510
0.020000,45.693830,56.603245,51.000000,10.000000,0.000000,0.000000,0.547035
0.020000,45.864722,56.707148,51.200000,10.000000,0.000000,0.000000,0.545529
0.020000,46.035772,56.810791,51.400000,10.000000,0.000000,0.000000,0.543993
0.020000,46.206982,56.914169,51.600000,10.000000,0.000000,0.000000,0.542427
0.020000,46.378356,57.017276,51.800000,10.000000,0.000000,0.000000,0.540831
0.020000,46.549896,57.120107,52.000000,10.000000,0.000000,0.000000,0.539204
0.020000,46.721603,57.222656,52.200000,10.000000,0.000000,0.000000,0.537548
0.020000,46.893483,57.324918,52.400000,10.000000,0.000000,0.000000,0.535860
0.020000,47.065536,57.426886,52.600000,10.000000,0.000000,0.000000,0.534142
0.020000,47.237766,57.528557,52.800000,10.000000,0.000000,0.000000,0.532394
0.020000,47.410174,57.629923,53.000000,10.000000,0.000000,0.000000,0.530615
0.020000,47.582766,57.730981,53.200000,10.000000,0.000000,0.000000,0.528806
0.020000,47.755539,57.831722,53.400000,10.000000,0.000000,0.000000,0.526965
0.020000,47.928501,57.932144,53.600000,10.000000,0.000000,0.000000,0.525094
0.020000,48.101651,58.032238,53.800000,10.000000,0.000000,0.000000,0.523192
0.020000,48.274994,58.132001,54.000000,10.000000,0.000000,0.000000,0.521259
0.020000,48.448529,58.231425,54.200000,10.000000,0.000000,0.000000,0.519296
0.020000,48.622262,58.330507,54.400000,10.000000,0.000000,0.000000,0.517301
0.020000,48.796193,58.429238,54.600000,10.000000,0.000000,0.000000,0.515275
0.020000,48.970326,58.527614,54.800000,10.000000,0.000000,0.000000,0.513218
0.020000,49.144661,58.625629,55.000000,10.000000,0.000000,0.000000,0.511129
0.020000,49.319203,58.723277,55.200000,10.000000,0.000000,0.000000,0.509010
0.020000,49.493953,58.820552,55.400000,10.000000,0.000000,0.000000,0.506859
0.020000,49.668914,58.917449,55.600000,10.000000,0.000000,0.000000,0.504677
0.020000,49.844086,59.013960,55.800000,10.000000,0.000000,0.000000,0.502463
0.020000,50.019474,59.110081,56.000000,10.000000,0.000000,0.000000,0.500218
0.020000,50.195078,59.205805,56.200000,10.000000,0.000000,0.000000,0.497942
0.020000,50.370901,59.301127,56.400000,10.000000,0.000000,0.000000,0.495634
0.020000,50.546946,59.396039,56.600000,10.000000,0.000000,0.000000,0.493294
0.020000,50.723213,59.490537,56.800000,10.000000,0.000000,0.000000,0.490923
0.020000,50.899706,59.584613,57.000000,10.000000,0.000000,0.000000,0.488520
0.020000,51.076425,59.678262,57.200000,10.000000,0.000000,0.000000,0.486086
0.020000,51.253374,59.771478,57.400000,10.000000,0.000000,0.000000,0.483619
0.020000,51.430553,59.864255,57.600000,10.000000,0.000000,0.000000,0.481121
0.020000,51.607965,59.956586,57.800000,10.000000,0.000000,0.000000,0.478591
0.020000,51.785611,60.048464,58.000000,10.000000,0.000000,0.000000,0.476030
0.020000,51.963494,60.139885,58.200000,10.000000,0.000000,0.000000,0.473436
0.020000,52.141614,60.230841,58.400000,10.000000,0.000000,0.000000,0.470811
0.020000,52.319975,60.321327,58.600000,10.000000,0.000000,0.000000,0.468154
0.020000,52.498576,60.411335,58.800000,10.000000,0.000000,0.000000,0.465465
0.020000,52.677414,60.500857,58.999993,9.999306,-0.034725,-1.736240,0.462744
0.020000,52.856477,60.589879,59.199964,9.997811,-0.074725,-2.000000,0.459991
0.020000,53.035751,60.678388,59.399897,9.995517,-0.114725,-2.000000,0.457207
0.020000,53.215224,60.766372,59.599777,9.992422,-0.154725,-2.000000,0.454392
0.020000,53.394883,60.853816,59.799586,9.988528,-0.194725,-2.000000,0.451546
0.020000,53.574714,60.940709,59.999310,9.983833,-0.234725,-2.000000,0.448670
0.020000,53.754704,61.027037,60.198932,9.978339,-0.274725,-2.000000,0.445763
0.020000,53.934838,61.112789,60.398436,9.972044,-0.314725,-2.000000,0.442827
0.020000,54.115104,61.197951,60.597805,9.964950,-0.354725,-2.000000,0.439860
0.020000,54.295487,61.282512,60.797026,9.957055,-0.394725,-2.000000,0.436865
0.020000,54.475973,61.366459,60.996080,9.948361,-0.434725,-2.000000,0.433840
0.020000,54.656548,61.449782,61.194952,9.938866,-0.474725,-2.000000,0.430786
0.020000,54.837199,61.532467,61.393626,9.928572,-0.514725,-2.000000,0.427705
0.020000,55.017909,61.614505,61.592087,9.917477,-0.554725,-2.000000,0.424595
0.020000,55.198666,61.695884,61.790317,9.905583,-0.594725,-2.000000,0.421458
0.020000,55.379453,61.776592,61.988302,9.892888,-0.634725,-2.000000,0.418294
0.020000,55.560257,61.856620,62.186025,9.879394,-0.674725,-2.000000,0.415104
0.020000,55.741061,61.935956,62.383470,9.865099,-0.714725,-2.000000,0.411887
0.020000,55.921851,62.014591,62.580621,9.850005,-0.754725,-2.000000,0.408645
0.020000,56.102611,62.092514,62.777462,9.834110,-0.794725,-2.000000,0.405377
0.020000,56.283327,62.169716,62.973977,9.817416,-0.834725,-2.000000,0.402085
0.020000,56.463981,62.246187,63.170151,9.799921,-0.874725,-2.000000,0.398768
0.020000,56.644560,62.321917,63.365966,9.781627,-0.914725,-2.000000,0.395428
0.020000,56.825045,62.396899,63.561408,9.762532,-0.954725,-2.000000,0.392065
0.020000,57.005423,62.471123,63.756459,9.742638,-0.994725,-2.000000,0.388679
0.020000,57.185675,62.544581,63.951105,9.721943,-1.034725,-2.000000,0.385271
0.020000,57.365786,62.617264,64.145329,9.700449,-1.074725,-2.000000,0.381842
0.020000,57.545740,62.689164,64.339115,9.678154,-1.114725,-2.000000,0.378391
0.020000,57.725519,62.760275,64.532447,9.655060,-1.154725,-2.000000,0.374921
0.020000,57.905107,62.830588,64.725310,9.631165,-1.194725,-2.000000,0.371431
0.020000,58.084487,62.900096,64.917686,9.606471,-1.234725,-2.000000,0.367922
0.020000,58.263642,62.968794,65.109560,9.580976,-1.274725,-2.000000,0.364395
0.020000,58.442554,63.036673,65.300917,9.554682,-1.314725,-2.000000,0.360850
0.020000,58.621207,63.103729,65.491740,9.527587,-1.354725,-2.000000,0.357288
0.020000,58.799582,63.169956,65.682012,9.499693,-1.394725,-2.000000,0.353710
0.020000,58.977662,63.235347,65.871719,9.470998,-1.434725,-2.000000,0.350116
0.020000,59.155430,63.299898,66.060844,9.441504,-1.474725,-2.000000,0.346507
0.020000,59.332867,63.363603,66.249371,9.411209,-1.514725,-2.000000,0.342884
0.020000,59.509956,63.426459,66.437285,9.380115,-1.554725,-2.000000,0.339248
0.020000,59.686679,63.488461,66.624568,9.348220,-1.594725,-2.000000,0.335599
0.020000,59.863016,63.549605,66.811206,9.315526,-1.634725,-2.000000,0.331938
0.020000,60.038950,63.609887,66.997181,9.282031,-1.674725,-2.000000,0.328266
0.020000,60.214463,63.669305,67.182479,9.247737,-1.714725,-2.000000,0.324584
0.020000,60.389535,63.727855,67.367083,9.212642,-1.754725,-2.000000,0.320892
0.020000,60.564149,63.785534,67.550976,9.176748,-1.794725,-2.000000,0.317191
0.020000,60.738286,63.842342,67.734144,9.140053,-1.834725,-2.000000,0.313482
0.020000,60.911925,63.898275,67.916571,9.102559,-1.874725,-2.000000,0.309766
0.020000,61.085048,63.953332,68.098239,9.064264,-1.914725,-2.000000,0.306044
0.020000,61.257638,64.007512,68.279133,9.025170,-1.954725,-2.000000,0.302316
0.020000,61.429676,64.060814,68.459238,8.985275,-1.994725,-2.000000,0.298583
0.020000,61.601138,64.113238,68.638536,8.944581,-2.034725,-2.000000,0.294847
0.020000,61.772009,64.164782,68.817013,8.903086,-2.074725,-2.000000,0.291107
0.020000,61.942269,64.215449,68.994652,8.860792,-2.114725,-2.000000,0.287365
0.020000,62.111898,64.265237,69.171436,8.817697,-2.154725,-2.000000,0.283622
0.020000,62.280877,64.314148,69.347351,8.773803,-2.194725,-2.000000,0.279878
0.020000,62.449185,64.362183,69.522381,8.729108,-2.234725,-2.000000,0.276135
0.020000,62.616803,64.409344,69.696508,8.683614,-2.274725,-2.000000,0.272393
0.020000,62.783713,64.455631,69.869717,8.637319,-2.314725,-2.000000,0.268653
0.020000,62.949894,64.501049,70.041993,8.590225,-2.354725,-2.000000,0.264916
0.020000,63.115326,64.545598,70.213318,8.542330,-2.394725,-2.000000,0.261183
0.020000,63.279991,64.589283,70.383678,8.493636,-2.434725,-2.000000,0.257454
0.020000,63.443866,64.632105,70.553056,8.444141,-2.474725,-2.000000,0.253731
0.020000,63.606932,64.674068,70.721435,8.393847,-2.514725,-2.000000,0.250015
0.020000,63.769170,64.715177,70.888801,8.342752,-2.554725,-2.000000,0.246305
0.020000,63.930560,64.755435,71.055138,8.290858,-2.594725,-2.000000,0.242605
0.020000,64.091083,64.794846,71.220428,8.238163,-2.634725,-2.000000,0.238913
0.020000,64.250717,64.833417,71.384656,8.184669,-2.674725,-2.000000,0.235231
0.020000,64.409444,64.871150,71.547807,8.130374,-2.714725,-2.000000,0.231559
0.020000,64.567242,64.908053,71.709863,8.075280,-2.754725,-2.000000,0.227900
0.020000,64.724093,64.944130,71.870810,8.019385,-2.794725,-2.000000,0.224253
0.020000,64.879976,64.979388,72.030630,7.962691,-2.834725,-2.000000,0.220619
0.020000,65.034872,65.013832,72.189309,7.905196,-2.874725,-2.000000,0.217000
0.020000,65.188759,65.047469,72.346830,7.846902,-2.914725,-2.000000,0.213396
0.020000,65.341620,65.080307,72.503177,7.787807,-2.954725,-2.000000,0.209807
0.020000,65.493432,65.112351,72.658335,7.727913,-2.994725,-2.000000,0.206235
0.020000,65.644178,65.143609,72.812286,7.667218,-3.034725,-2.000000,0.202681
0.020000,65.793834,65.174088,72.965015,7.605724,-3.074725,-2.000000,0.199146
0.020000,65.942382,65.203796,73.116507,7.543429,-3.114725,-2.000000,0.195629
0.020000,66.089804,65.232743,73.266745,7.480335,-3.154725,-2.000000,0.192133
0.020000,66.236080,65.260934,73.415712,7.416440,-3.194725,-2.000000,0.188658
0.020000,66.381190,65.288380,73.563394,7.351746,-3.234725,-2.000000,0.185204
0.020000,66.525114,65.315089,73.709774,7.286251,-3.274725,-2.000000,0.181773
0.020000,66.667829,65.341069,73.854836,7.219957,-3.314725,-2.000000,0.178365
0.020000,66.809318,65.366330,73.998564,7.152862,-3.354725,-2.000000,0.174981
0.020000,66.949564,65.390881,74.140943,7.084968,-3.394725,-2.000000,0.171621
0.020000,67.088548,65.414732,74.281955,7.016273,-3.434725,-2.000000,0.168288
0.020000,67.226241,65.437891,74.421586,6.946779,-3.474725,-2.000000,0.164980
0.020000,67.362633,65.460370,74.559818,6.876484,-3.514725,-2.000000,0.161700
0.020000,67.497705,65.482178,74.696637,6.805390,-3.554725,-2.000000,0.158448
0.020000,67.631430,65.503325,74.832026,6.733495,-3.594725,-2.000000,0.155224
0.020000,67.763794,65.523821,74.965969,6.660801,-3.634725,-2.000000,0.152029
0.020000,67.894783,65.543678,75.098450,6.587306,-3.674725,-2.000000,0.148865
0.020000,68.024363,65.562904,75.229453,6.513012,-3.714725,-2.000000,0.145731
0.020000,68.152531,65.581512,75.358962,6.437917,-3.754725,-2.000000,0.142628
0.020000,68.279257,65.599512,75.486962,6.362023,-3.794725,-2.000000,0.139557
0.020000,68.404527,65.616915,75.613435,6.285328,-3.834725,-2.000000,0.136519
0.020000,68.528322,65.633732,75.738367,6.207834,-3.874725,-2.000000,0.133515
0.020000,68.650621,65.649973,75.861741,6.129539,-3.914725,-2.000000,0.130544
0.020000,68.771408,65.665651,75.983540,6.050445,-3.954725,-2.000000,0.127608
0.020000,68.890663,65.680777,76.103750,5.970550,-3.994725,-2.000000,0.124708
0.020000,69.008372,65.695361,76.222361,5.890550,-4.000000,-0.263760,0.121843
0.020000,69.124540,65.709419,76.339372,5.810550,-4.000000,0.000000,0.119014
0.020000,69.239149,65.722962,76.454783,5.730550,-4.000000,0.000000,0.116222
0.020000,69.352212,65.736004,76.568594,5.650550,-4.000000,0.000000,0.113466
0.020000,69.463719,65.748557,76.680805,5.570550,-4.000000,0.000000,0.110746
0.020000,69.573666,65.760634,76.791416,5.490550,-4.000000,0.000000,0.108064
0.020000,69.682058,65.772248,76.900427,5.410550,-4.000000,0.000000,0.105418
0.020000,69.788889,65.783411,77.007838,5.330550,-4.000000,0.000000,0.102809
0.020000,69.894152,65.794135,77.113649,5.250550,-4.000000,0.000000,0.100238
0.020000,69.997853,65.804432,77.217860,5.170550,-4.000000,0.000000,0.097705
0.020000,70.099989,65.814314,77.320471,5.090550,-4.000000,0.000000,0.095208
0.020000,70.200556,65.823793,77.421482,5.010550,-4.000000,0.000000,0.092750
0.020000,70.299547,65.832880,77.520894,4.930550,-4.000000,0.000000,0.090330
0.020000,70.396969,65.841587,77.618705,4.850550,-4.000000,0.000000,0.087947
0.020000,70.492818,65.849926,77.714916,4.770550,-4.000000,0.000000,0.085603
0.020000,70.587092,65.857906,77.809527,4.690550,-4.000000,0.000000,0.083297
0.020000,70.679791,65.865540,77.902538,4.610550,-4.000000,0.000000,0.081029
0.020000,70.770912,65.872837,77.993949,4.530550,-4.000000,0.000000,0.078800
0.020000,70.860454,65.879809,78.083760,4.450550,-4.000000,0.000000,0.076609
0.020000,70.948412,65.886465,78.171971,4.370550,-4.000000,-0.000000,0.074456
0.020000,71.034789,65.892817,78.258582,4.290550,-4.000000,0.000000,0.072343
0.020000,71.119584,65.898873,78.343593,4.210550,-4.000000,0.000000,0.070268
0.020000,71.202795,65.904645,78.427004,4.130550,-4.000000,0.000000,0.068231
0.020000,71.284422,65.910141,78.508815,4.050550,-4.000000,0.000000,0.066234
0.020000,71.364463,65.915372,78.589026,3.970550,-4.000000,0.000000,0.064275
0.020000,71.442922,65.920346,78.667644,3.891245,-3.965275,1.736240,0.062355
0.020000,71.519815,65.925074,78.744683,3.812739,-3.925275,2.000000,0.060474
0.020000,71.595157,65.929566,78.820161,3.735034,-3.885275,2.000000,0.058631
0.020000,71.668964,65.933832,78.894093,3.658128,-3.845275,2.000000,0.056825
0.020000,71.741252,65.937880,78.966494,3.582023,-3.805275,2.000000,0.055057
0.020000,71.812036,65.941719,79.037382,3.506717,-3.765275,2.000000,0.053326
0.020000,71.881332,65.945359,79.106771,3.432212,-3.725275,2.000000,0.051631
0.020000,71.949154,65.948808,79.174678,3.358506,-3.685275,2.000000,0.049973
0.020000,72.015510,65.952073,79.241119,3.285601,-3.645275,2.000000,0.048350
0.020000,72.080426,65.955162,79.306110,3.213495,-3.605275,2.000000,0.046763
0.020000,72.143917,65.958084,79.369667,3.142190,-3.565275,2.000000,0.045211
0.020000,72.206001,65.960846,79.431806,3.071684,-3.525275,2.000000,0.043694
0.020000,72.266675,65.963453,79.492542,3.001979,-3.485275,2.000000,0.042211
0.020000,72.325973,65.965915,79.551893,2.933073,-3.445275,2.000000,0.040763
0.020000,72.383912,65.968237,79.609873,2.864968,-3.405275,2.000000,0.039347
0.020000,72.440493,65.970425,79.666500,2.797662,-3.365275,2.000000,0.037965
0.020000,72.495740,65.972486,79.721788,2.731157,-3.325275,2.000000,0.036616
0.020000,72.549678,65.974427,79.775754,2.665451,-3.285275,2.000000,0.035299
0.020000,72.602301,65.976251,79.828414,2.600546,-3.245275,2.000000,0.034015
0.020000,72.653643,65.977966,79.879784,2.536440,-3.205275,2.000000,0.032761
0.020000,72.703715,65.979576,79.929879,2.473135,-3.165275,2.000000,0.031539
0.020000,72.752525,65.981087,79.978717,2.410629,-3.125275,2.000000,0.030349
0.020000,72.800107,65.982504,80.026313,2.348924,-3.085275,2.000000,0.029188
0.020000,72.846450,65.983831,80.072682,2.288018,-3.045275,2.000000,0.028058
0.020000,72.891598,65.985073,80.117841,2.227913,-3.005275,2.000000,0.026957
0.020000,72.935542,65.986234,80.161807,2.168607,-2.965275,2.000000,0.025885
0.020000,72.978321,65.987320,80.204594,2.110102,-2.925275,2.000000,0.024842
0.020000,73.019928,65.988332,80.246219,2.052396,-2.885275,2.000000,0.023828
0.020000,73.060402,65.989277,80.286698,1.995491,-2.845275,2.000000,0.022842
0.020000,73.099734,65.990157,80.326046,1.939385,-2.805275,2.000000,0.021883
0.020000,73.137967,65.990976,80.364281,1.884080,-2.765275,2.000000,0.020952
0.020000,73.175089,65.991737,80.401417,1.829574,-2.725275,2.000000,0.020048
0.020000,73.211139,65.992444,80.437472,1.775869,-2.685275,2.000000,0.019170
0.020000,73.246121,65.993100,80.472460,1.722963,-2.645275,2.000000,0.018318
0.020000,73.280051,65.993707,80.506398,1.670858,-2.605275,2.000000,0.017492
0.020000,73.312959,65.994270,80.539303,1.619552,-2.565275,2.000000,0.016691
0.020000,73.344832,65.994789,80.571189,1.569047,-2.525275,2.000000,0.015916
0.020000,73.375714,65.995269,80.602072,1.519341,-2.485275,2.000000,0.015164
0.020000,73.405613,65.995712,80.631970,1.470436,-2.445275,2.000000,0.014437
0.020000,73.434531,65.996119,80.660898,1.422330,-2.405275,2.000000,0.013733
0.020000,73.462504,65.996494,80.688871,1.375025,-2.365275,2.000000,0.013053
0.020000,73.489542,65.996838,80.715907,1.328519,-2.325275,2.000000,0.012395
0.020000,73.515647,65.997153,80.742020,1.282814,-2.285275,2.000000,0.011761
0.020000,73.540853,65.997442,80.767227,1.237908,-2.245275,2.000000,0.011148
0.020000,73.565175,65.997706,80.791545,1.193803,-2.205275,2.000000,0.010556
0.020000,73.588613,65.997947,80.814988,1.150497,-2.165275,2.000000,0.009987
0.020000,73.611194,65.998166,80.837572,1.107992,-2.125275,2.000000,0.009438
0.020000,73.632937,65.998365,80.859315,1.066286,-2.085275,2.000000,0.008910
0.020000,73.653859,65.998546,80.880232,1.025381,-2.045275,2.000000,0.008401
0.020000,73.673960,65.998710,80.900338,0.985275,-2.005275,2.000000,0.007913
0.020000,73.693269,65.998859,80.919651,0.945970,-1.965275,2.000000,0.007444
0.020000,73.711804,65.998992,80.938185,0.907464,-1.925275,2.000000,0.006994
0.020000,73.729579,65.999113,80.955957,0.869759,-1.885275,2.000000,0.006562
0.020000,73.746607,65.999221,80.972984,0.832853,-1.845275,2.000000,0.006148
0.020000,73.762898,65.999318,80.989280,0.796748,-1.805275,2.000000,0.005753
0.020000,73.778478,65.999405,81.004861,0.761442,-1.765275,2.000000,0.005375
0.020000,73.793362,65.999482,81.019745,0.726937,-1.725275,2.000000,0.005013
0.020000,73.807565,65.999551,81.033947,0.693231,-1.685275,2.000000,0.004669
0.020000,73.821105,65.999612,81.047482,0.660326,-1.645275,2.000000,0.004340
0.020000,73.833990,65.999666,81.060368,0.628220,-1.605275,2.000000,0.004027
0.020000,73.846238,65.999713,81.072619,0.596915,-1.565275,2.000000,0.003730
0.020000,73.857869,65.999755,81.084253,0.566409,-1.525275,2.000000,0.003448
0.020000,73.868899,65.999792,81.095284,0.536704,-1.485275,2.000000,0.003180
0.020000,73.879344,65.999823,81.105729,0.507798,-1.445275,2.000000,0.002927
0.020000,73.889220,65.999851,81.115604,0.479693,-1.405275,2.000000,0.002687
0.020000,73.898543,65.999875,81.124924,0.452387,-1.365275,2.000000,0.002461
0.020000,73.907329,65.999896,81.133707,0.425882,-1.325275,2.000000,0.002248
0.020000,73.915591,65.999914,81.141968,0.400176,-1.285275,2.000000,0.002047
0.020000,73.923343,65.999929,81.149722,0.375271,-1.245275,2.000000,0.001859
0.020000,73.930605,65.999942,81.156986,0.351165,-1.205275,2.000000,0.001683
0.020000,73.937394,65.999952,81.163777,0.327860,-1.165275,2.000000,0.001518
0.020000,73.943725,65.999962,81.170109,0.305354,-1.125275,2.000000,0.001365
0.020000,73.949614,65.999969,81.175999,0.283649,-1.085275,2.000000,0.001222
0.020000,73.955078,65.999976,81.181463,0.262743,-1.045275,2.000000,0.001089
0.020000,73.960132,65.999981,81.186517,0.242638,-1.005275,2.000000,0.000967
0.020000,73.964792,65.999985,81.191176,0.223332,-0.965275,2.000000,0.000854
0.020000,73.969074,65.999988,81.195458,0.204827,-0.925275,2.000000,0.000750
0.020000,73.972994,65.999991,81.199377,0.187121,-0.885275,2.000000,0.000655
0.020000,73.976568,65.999993,81.202951,0.170216,-0.845275,2.000000,0.000568
0.020000,73.979811,65.999995,81.206194,0.154110,-0.805275,2.000000,0.000490
0.020000,73.982741,65.999996,81.209123,0.138805,-0.765275,2.000000,0.000418
0.020000,73.985373,65.999997,81.211754,0.124299,-0.725275,2.000000,0.000355
0.020000,73.987723,65.999998,81.214103,0.110594,-0.685275,2.000000,0.000298
0.020000,73.989806,65.999999,81.216186,0.097688,-0.645275,2.000000,0.000247
0.020000,73.991639,65.999999,81.218019,0.085583,-0.605275,2.000000,0.000203
0.020000,73.993239,65.999999,81.219617,0.074277,-0.565275,2.000000,0.000164
0.020000,73.994620,66.000000,81.220998,0.063772,-0.525275,2.000000,0.000130
0.020000,73.995798,66.000000,81.222176,0.054066,-0.485275,2.000000,0.000102
0.020000,73.996791,66.000000,81.223168,0.045161,-0.445275,2.000000,0.000078
0.020000,73.997614,66.000000,81.223990,0.037055,-0.405275,2.000000,0.000058
0.020000,73.998282,66.000000,81.224659,0.029750,-0.365275,2.000000,0.000042
0.020000,73.998812,66.000000,81.225188,0.023244,-0.325275,2.000000,0.000029
0.020000,73.999220,66.000000,81.225596,0.017539,-0.285275,2.000000,0.000019
0.020000,73.999522,66.000000,81.225898,0.012633,-0.245275,2.000000,0.000012
0.020000,73.999734,66.000000,81.226110,0.008528,-0.205275,2.000000,0.000006
0.020000,73.999871,66.000000,81.226247,0.005222,-0.165275,2.000000,0.000003
0.020000,73.999950,66.000000,81.226327,0.002717,-0.125275,2.000000,0.000001
0.020000,73.999988,66.000000,81.226364,0.001011,-0.085275,2.000000,0.000000
0.020000,73.999999,66.000000,81.226375,0.000106,-0.045275,2.000000,0.000000
0.020000,74.000000,66.000000,81.226376,0.000000,-0.005275,2.000000,6.283185
0.020000,74.000000,66.000000,81.226376,0.000000,0.000000,0.263760,6.283185
